[
  {
    "id_option": "inherit",
    "name": "THEME DEFAULT FONT"
  },
  {
    "id_option": "ABeeZee",
    "name": "ABeeZee"
  },
  {
    "id_option": "Abel",
    "name": "Abel"
  },
  {
    "id_option": "Abhaya Libre",
    "name": "Abhaya Libre"
  },
  {
    "id_option": "Abril Fatface",
    "name": "Abril Fatface"
  },
  {
    "id_option": "Aclonica",
    "name": "Aclonica"
  },
  {
    "id_option": "Acme",
    "name": "Acme"
  },
  {
    "id_option": "Actor",
    "name": "Actor"
  },
  {
    "id_option": "Adamina",
    "name": "Adamina"
  },
  {
    "id_option": "Advent Pro",
    "name": "Advent Pro"
  },
  {
    "id_option": "Aguafina Script",
    "name": "Aguafina Script"
  },
  {
    "id_option": "Akronim",
    "name": "Akronim"
  },
  {
    "id_option": "Aladin",
    "name": "Aladin"
  },
  {
    "id_option": "Aldrich",
    "name": "Aldrich"
  },
  {
    "id_option": "Alef",
    "name": "Alef"
  },
  {
    "id_option": "Alegreya",
    "name": "Alegreya"
  },
  {
    "id_option": "Alegreya SC",
    "name": "Alegreya SC"
  },
  {
    "id_option": "Alegreya Sans",
    "name": "Alegreya Sans"
  },
  {
    "id_option": "Alegreya Sans SC",
    "name": "Alegreya Sans SC"
  },
  {
    "id_option": "Alex Brush",
    "name": "Alex Brush"
  },
  {
    "id_option": "Alfa Slab One",
    "name": "Alfa Slab One"
  },
  {
    "id_option": "Alice",
    "name": "Alice"
  },
  {
    "id_option": "Alike",
    "name": "Alike"
  },
  {
    "id_option": "Alike Angular",
    "name": "Alike Angular"
  },
  {
    "id_option": "Allan",
    "name": "Allan"
  },
  {
    "id_option": "Allerta",
    "name": "Allerta"
  },
  {
    "id_option": "Allerta Stencil",
    "name": "Allerta Stencil"
  },
  {
    "id_option": "Allura",
    "name": "Allura"
  },
  {
    "id_option": "Almendra",
    "name": "Almendra"
  },
  {
    "id_option": "Almendra Display",
    "name": "Almendra Display"
  },
  {
    "id_option": "Almendra SC",
    "name": "Almendra SC"
  },
  {
    "id_option": "Amarante",
    "name": "Amarante"
  },
  {
    "id_option": "Amaranth",
    "name": "Amaranth"
  },
  {
    "id_option": "Amatic SC",
    "name": "Amatic SC"
  },
  {
    "id_option": "Amatica SC",
    "name": "Amatica SC"
  },
  {
    "id_option": "Amethysta",
    "name": "Amethysta"
  },
  {
    "id_option": "Amiko",
    "name": "Amiko"
  },
  {
    "id_option": "Amiri",
    "name": "Amiri"
  },
  {
    "id_option": "Amita",
    "name": "Amita"
  },
  {
    "id_option": "Anaheim",
    "name": "Anaheim"
  },
  {
    "id_option": "Andada",
    "name": "Andada"
  },
  {
    "id_option": "Andika",
    "name": "Andika"
  },
  {
    "id_option": "Angkor",
    "name": "Angkor"
  },
  {
    "id_option": "Annie Use Your Telescope",
    "name": "Annie Use Your Telescope"
  },
  {
    "id_option": "Anonymous Pro",
    "name": "Anonymous Pro"
  },
  {
    "id_option": "Antic",
    "name": "Antic"
  },
  {
    "id_option": "Antic Didone",
    "name": "Antic Didone"
  },
  {
    "id_option": "Antic Slab",
    "name": "Antic Slab"
  },
  {
    "id_option": "Anton",
    "name": "Anton"
  },
  {
    "id_option": "Arapey",
    "name": "Arapey"
  },
  {
    "id_option": "Arbutus",
    "name": "Arbutus"
  },
  {
    "id_option": "Arbutus Slab",
    "name": "Arbutus Slab"
  },
  {
    "id_option": "Architects Daughter",
    "name": "Architects Daughter"
  },
  {
    "id_option": "Archivo Black",
    "name": "Archivo Black"
  },
  {
    "id_option": "Archivo Narrow",
    "name": "Archivo Narrow"
  },
  {
    "id_option": "Aref Ruqaa",
    "name": "Aref Ruqaa"
  },
  {
    "id_option": "Arima Madurai",
    "name": "Arima Madurai"
  },
  {
    "id_option": "Arial",
    "name": "Arial"
  },
  {
    "id_option": "Arimo",
    "name": "Arimo"
  },
  {
    "id_option": "Arizonia",
    "name": "Arizonia"
  },
  {
    "id_option": "Armata",
    "name": "Armata"
  },
  {
    "id_option": "Arsenal",
    "name": "Arsenal"
  },
  {
    "id_option": "Artifika",
    "name": "Artifika"
  },
  {
    "id_option": "Arvo",
    "name": "Arvo"
  },
  {
    "id_option": "Arya",
    "name": "Arya"
  },
  {
    "id_option": "Asap",
    "name": "Asap"
  },
  {
    "id_option": "Asar",
    "name": "Asar"
  },
  {
    "id_option": "Asset",
    "name": "Asset"
  },
  {
    "id_option": "Assistant",
    "name": "Assistant"
  },
  {
    "id_option": "Astloch",
    "name": "Astloch"
  },
  {
    "id_option": "Asul",
    "name": "Asul"
  },
  {
    "id_option": "Athiti",
    "name": "Athiti"
  },
  {
    "id_option": "Atma",
    "name": "Atma"
  },
  {
    "id_option": "Atomic Age",
    "name": "Atomic Age"
  },
  {
    "id_option": "Aubrey",
    "name": "Aubrey"
  },
  {
    "id_option": "Audiowide",
    "name": "Audiowide"
  },
  {
    "id_option": "Autour One",
    "name": "Autour One"
  },
  {
    "id_option": "Average",
    "name": "Average"
  },
  {
    "id_option": "Average Sans",
    "name": "Average Sans"
  },
  {
    "id_option": "Averia Gruesa Libre",
    "name": "Averia Gruesa Libre"
  },
  {
    "id_option": "Averia Libre",
    "name": "Averia Libre"
  },
  {
    "id_option": "Averia Sans Libre",
    "name": "Averia Sans Libre"
  },
  {
    "id_option": "Averia Serif Libre",
    "name": "Averia Serif Libre"
  },
  {
    "id_option": "Bad Script",
    "name": "Bad Script"
  },
  {
    "id_option": "Bahiana",
    "name": "Bahiana"
  },
  {
    "id_option": "Baloo",
    "name": "Baloo"
  },
  {
    "id_option": "Baloo Bhai",
    "name": "Baloo Bhai"
  },
  {
    "id_option": "Baloo Bhaina",
    "name": "Baloo Bhaina"
  },
  {
    "id_option": "Baloo Chettan",
    "name": "Baloo Chettan"
  },
  {
    "id_option": "Baloo Da",
    "name": "Baloo Da"
  },
  {
    "id_option": "Baloo Paaji",
    "name": "Baloo Paaji"
  },
  {
    "id_option": "Baloo Tamma",
    "name": "Baloo Tamma"
  },
  {
    "id_option": "Baloo Thambi",
    "name": "Baloo Thambi"
  },
  {
    "id_option": "Balthazar",
    "name": "Balthazar"
  },
  {
    "id_option": "Bangers",
    "name": "Bangers"
  },
  {
    "id_option": "Barrio",
    "name": "Barrio"
  },
  {
    "id_option": "Basic",
    "name": "Basic"
  },
  {
    "id_option": "Battambang",
    "name": "Battambang"
  },
  {
    "id_option": "Baumans",
    "name": "Baumans"
  },
  {
    "id_option": "Bayon",
    "name": "Bayon"
  },
  {
    "id_option": "Belgrano",
    "name": "Belgrano"
  },
  {
    "id_option": "Belleza",
    "name": "Belleza"
  },
  {
    "id_option": "BenchNine",
    "name": "BenchNine"
  },
  {
    "id_option": "Bentham",
    "name": "Bentham"
  },
  {
    "id_option": "Berkshire Swash",
    "name": "Berkshire Swash"
  },
  {
    "id_option": "Bevan",
    "name": "Bevan"
  },
  {
    "id_option": "Bigelow Rules",
    "name": "Bigelow Rules"
  },
  {
    "id_option": "Bigshot One",
    "name": "Bigshot One"
  },
  {
    "id_option": "Bilbo",
    "name": "Bilbo"
  },
  {
    "id_option": "Bilbo Swash Caps",
    "name": "Bilbo Swash Caps"
  },
  {
    "id_option": "BioRhyme",
    "name": "BioRhyme"
  },
  {
    "id_option": "BioRhyme Expanded",
    "name": "BioRhyme Expanded"
  },
  {
    "id_option": "Biryani",
    "name": "Biryani"
  },
  {
    "id_option": "Bitter",
    "name": "Bitter"
  },
  {
    "id_option": "Black Ops One",
    "name": "Black Ops One"
  },
  {
    "id_option": "Bokor",
    "name": "Bokor"
  },
  {
    "id_option": "Bonbon",
    "name": "Bonbon"
  },
  {
    "id_option": "Boogaloo",
    "name": "Boogaloo"
  },
  {
    "id_option": "Bowlby One",
    "name": "Bowlby One"
  },
  {
    "id_option": "Bowlby One SC",
    "name": "Bowlby One SC"
  },
  {
    "id_option": "Brawler",
    "name": "Brawler"
  },
  {
    "id_option": "Bree Serif",
    "name": "Bree Serif"
  },
  {
    "id_option": "Bubblegum Sans",
    "name": "Bubblegum Sans"
  },
  {
    "id_option": "Bubbler One",
    "name": "Bubbler One"
  },
  {
    "id_option": "Buda",
    "name": "Buda"
  },
  {
    "id_option": "Buenard",
    "name": "Buenard"
  },
  {
    "id_option": "Bungee",
    "name": "Bungee"
  },
  {
    "id_option": "Bungee Hairline",
    "name": "Bungee Hairline"
  },
  {
    "id_option": "Bungee Inline",
    "name": "Bungee Inline"
  },
  {
    "id_option": "Bungee Outline",
    "name": "Bungee Outline"
  },
  {
    "id_option": "Bungee Shade",
    "name": "Bungee Shade"
  },
  {
    "id_option": "Butcherman",
    "name": "Butcherman"
  },
  {
    "id_option": "Butterfly Kids",
    "name": "Butterfly Kids"
  },
  {
    "id_option": "Cabin",
    "name": "Cabin"
  },
  {
    "id_option": "Cabin Condensed",
    "name": "Cabin Condensed"
  },
  {
    "id_option": "Cabin Sketch",
    "name": "Cabin Sketch"
  },
  {
    "id_option": "Caesar Dressing",
    "name": "Caesar Dressing"
  },
  {
    "id_option": "Cagliostro",
    "name": "Cagliostro"
  },
  {
    "id_option": "Cairo",
    "name": "Cairo"
  },
  {
    "id_option": "Calligraffitti",
    "name": "Calligraffitti"
  },
  {
    "id_option": "Cambay",
    "name": "Cambay"
  },
  {
    "id_option": "Cambo",
    "name": "Cambo"
  },
  {
    "id_option": "Candal",
    "name": "Candal"
  },
  {
    "id_option": "Cantarell",
    "name": "Cantarell"
  },
  {
    "id_option": "Cantata One",
    "name": "Cantata One"
  },
  {
    "id_option": "Cantora One",
    "name": "Cantora One"
  },
  {
    "id_option": "Capriola",
    "name": "Capriola"
  },
  {
    "id_option": "Cardo",
    "name": "Cardo"
  },
  {
    "id_option": "Carme",
    "name": "Carme"
  },
  {
    "id_option": "Carrois Gothic",
    "name": "Carrois Gothic"
  },
  {
    "id_option": "Carrois Gothic SC",
    "name": "Carrois Gothic SC"
  },
  {
    "id_option": "Carter One",
    "name": "Carter One"
  },
  {
    "id_option": "Catamaran",
    "name": "Catamaran"
  },
  {
    "id_option": "Caudex",
    "name": "Caudex"
  },
  {
    "id_option": "Caveat",
    "name": "Caveat"
  },
  {
    "id_option": "Caveat Brush",
    "name": "Caveat Brush"
  },
  {
    "id_option": "Cedarville Cursive",
    "name": "Cedarville Cursive"
  },
  {
    "id_option": "Ceviche One",
    "name": "Ceviche One"
  },
  {
    "id_option": "Changa",
    "name": "Changa"
  },
  {
    "id_option": "Changa One",
    "name": "Changa One"
  },
  {
    "id_option": "Chango",
    "name": "Chango"
  },
  {
    "id_option": "Chathura",
    "name": "Chathura"
  },
  {
    "id_option": "Chau Philomene One",
    "name": "Chau Philomene One"
  },
  {
    "id_option": "Chela One",
    "name": "Chela One"
  },
  {
    "id_option": "Chelsea Market",
    "name": "Chelsea Market"
  },
  {
    "id_option": "Chenla",
    "name": "Chenla"
  },
  {
    "id_option": "Cherry Cream Soda",
    "name": "Cherry Cream Soda"
  },
  {
    "id_option": "Cherry Swash",
    "name": "Cherry Swash"
  },
  {
    "id_option": "Chewy",
    "name": "Chewy"
  },
  {
    "id_option": "Chicle",
    "name": "Chicle"
  },
  {
    "id_option": "Chivo",
    "name": "Chivo"
  },
  {
    "id_option": "Chonburi",
    "name": "Chonburi"
  },
  {
    "id_option": "Cinzel",
    "name": "Cinzel"
  },
  {
    "id_option": "Cinzel Decorative",
    "name": "Cinzel Decorative"
  },
  {
    "id_option": "Clicker Script",
    "name": "Clicker Script"
  },
  {
    "id_option": "Coda",
    "name": "Coda"
  },
  {
    "id_option": "Coda Caption",
    "name": "Coda Caption"
  },
  {
    "id_option": "Codystar",
    "name": "Codystar"
  },
  {
    "id_option": "Coiny",
    "name": "Coiny"
  },
  {
    "id_option": "Combo",
    "name": "Combo"
  },
  {
    "id_option": "Comfortaa",
    "name": "Comfortaa"
  },
  {
    "id_option": "Coming Soon",
    "name": "Coming Soon"
  },
  {
    "id_option": "Concert One",
    "name": "Concert One"
  },
  {
    "id_option": "Condiment",
    "name": "Condiment"
  },
  {
    "id_option": "Content",
    "name": "Content"
  },
  {
    "id_option": "Contrail One",
    "name": "Contrail One"
  },
  {
    "id_option": "Convergence",
    "name": "Convergence"
  },
  {
    "id_option": "Cookie",
    "name": "Cookie"
  },
  {
    "id_option": "Copse",
    "name": "Copse"
  },
  {
    "id_option": "Corben",
    "name": "Corben"
  },
  {
    "id_option": "Cormorant",
    "name": "Cormorant"
  },
  {
    "id_option": "Cormorant Garamond",
    "name": "Cormorant Garamond"
  },
  {
    "id_option": "Cormorant Infant",
    "name": "Cormorant Infant"
  },
  {
    "id_option": "Cormorant SC",
    "name": "Cormorant SC"
  },
  {
    "id_option": "Cormorant Unicase",
    "name": "Cormorant Unicase"
  },
  {
    "id_option": "Cormorant Upright",
    "name": "Cormorant Upright"
  },
  {
    "id_option": "Courgette",
    "name": "Courgette"
  },
  {
    "id_option": "Cousine",
    "name": "Cousine"
  },
  {
    "id_option": "Coustard",
    "name": "Coustard"
  },
  {
    "id_option": "Covered By Your Grace",
    "name": "Covered By Your Grace"
  },
  {
    "id_option": "Crafty Girls",
    "name": "Crafty Girls"
  },
  {
    "id_option": "Creepster",
    "name": "Creepster"
  },
  {
    "id_option": "Crete Round",
    "name": "Crete Round"
  },
  {
    "id_option": "Crimson Text",
    "name": "Crimson Text"
  },
  {
    "id_option": "Croissant One",
    "name": "Croissant One"
  },
  {
    "id_option": "Crushed",
    "name": "Crushed"
  },
  {
    "id_option": "Cuprum",
    "name": "Cuprum"
  },
  {
    "id_option": "Cutive",
    "name": "Cutive"
  },
  {
    "id_option": "Cutive Mono",
    "name": "Cutive Mono"
  },
  {
    "id_option": "Damion",
    "name": "Damion"
  },
  {
    "id_option": "Dancing Script",
    "name": "Dancing Script"
  },
  {
    "id_option": "Dangrek",
    "name": "Dangrek"
  },
  {
    "id_option": "David Libre",
    "name": "David Libre"
  },
  {
    "id_option": "Dawning of a New Day",
    "name": "Dawning of a New Day"
  },
  {
    "id_option": "Days One",
    "name": "Days One"
  },
  {
    "id_option": "Dekko",
    "name": "Dekko"
  },
  {
    "id_option": "Delius",
    "name": "Delius"
  },
  {
    "id_option": "Delius Swash Caps",
    "name": "Delius Swash Caps"
  },
  {
    "id_option": "Delius Unicase",
    "name": "Delius Unicase"
  },
  {
    "id_option": "Della Respira",
    "name": "Della Respira"
  },
  {
    "id_option": "Denk One",
    "name": "Denk One"
  },
  {
    "id_option": "Devonshire",
    "name": "Devonshire"
  },
  {
    "id_option": "Dhurjati",
    "name": "Dhurjati"
  },
  {
    "id_option": "Didact Gothic",
    "name": "Didact Gothic"
  },
  {
    "id_option": "Diplomata",
    "name": "Diplomata"
  },
  {
    "id_option": "Diplomata SC",
    "name": "Diplomata SC"
  },
  {
    "id_option": "Domine",
    "name": "Domine"
  },
  {
    "id_option": "Donegal One",
    "name": "Donegal One"
  },
  {
    "id_option": "Doppio One",
    "name": "Doppio One"
  },
  {
    "id_option": "Dorsa",
    "name": "Dorsa"
  },
  {
    "id_option": "Dosis",
    "name": "Dosis"
  },
  {
    "id_option": "Dr Sugiyama",
    "name": "Dr Sugiyama"
  },
  {
    "id_option": "Droid Sans",
    "name": "Droid Sans"
  },
  {
    "id_option": "Droid Sans Mono",
    "name": "Droid Sans Mono"
  },
  {
    "id_option": "Droid Serif",
    "name": "Droid Serif"
  },
  {
    "id_option": "Duru Sans",
    "name": "Duru Sans"
  },
  {
    "id_option": "Dynalight",
    "name": "Dynalight"
  },
  {
    "id_option": "EB Garamond",
    "name": "EB Garamond"
  },
  {
    "id_option": "Eagle Lake",
    "name": "Eagle Lake"
  },
  {
    "id_option": "Eater",
    "name": "Eater"
  },
  {
    "id_option": "Economica",
    "name": "Economica"
  },
  {
    "id_option": "Eczar",
    "name": "Eczar"
  },
  {
    "id_option": "Ek Mukta",
    "name": "Ek Mukta"
  },
  {
    "id_option": "El Messiri",
    "name": "El Messiri"
  },
  {
    "id_option": "Electrolize",
    "name": "Electrolize"
  },
  {
    "id_option": "Elsie",
    "name": "Elsie"
  },
  {
    "id_option": "Elsie Swash Caps",
    "name": "Elsie Swash Caps"
  },
  {
    "id_option": "Emblema One",
    "name": "Emblema One"
  },
  {
    "id_option": "Emilys Candy",
    "name": "Emilys Candy"
  },
  {
    "id_option": "Engagement",
    "name": "Engagement"
  },
  {
    "id_option": "Englebert",
    "name": "Englebert"
  },
  {
    "id_option": "Enriqueta",
    "name": "Enriqueta"
  },
  {
    "id_option": "Erica One",
    "name": "Erica One"
  },
  {
    "id_option": "Esteban",
    "name": "Esteban"
  },
  {
    "id_option": "Euphoria Script",
    "name": "Euphoria Script"
  },
  {
    "id_option": "Ewert",
    "name": "Ewert"
  },
  {
    "id_option": "Exo",
    "name": "Exo"
  },
  {
    "id_option": "Exo 2",
    "name": "Exo 2"
  },
  {
    "id_option": "Expletus Sans",
    "name": "Expletus Sans"
  },
  {
    "id_option": "Fanwood Text",
    "name": "Fanwood Text"
  },
  {
    "id_option": "Farsan",
    "name": "Farsan"
  },
  {
    "id_option": "Fascinate",
    "name": "Fascinate"
  },
  {
    "id_option": "Fascinate Inline",
    "name": "Fascinate Inline"
  },
  {
    "id_option": "Faster One",
    "name": "Faster One"
  },
  {
    "id_option": "Fasthand",
    "name": "Fasthand"
  },
  {
    "id_option": "Fauna One",
    "name": "Fauna One"
  },
  {
    "id_option": "Federant",
    "name": "Federant"
  },
  {
    "id_option": "Federo",
    "name": "Federo"
  },
  {
    "id_option": "Felipa",
    "name": "Felipa"
  },
  {
    "id_option": "Fenix",
    "name": "Fenix"
  },
  {
    "id_option": "Finger Paint",
    "name": "Finger Paint"
  },
  {
    "id_option": "Fira Mono",
    "name": "Fira Mono"
  },
  {
    "id_option": "Fira Sans",
    "name": "Fira Sans"
  },
  {
    "id_option": "Fira Sans Condensed",
    "name": "Fira Sans Condensed"
  },
  {
    "id_option": "Fira Sans Extra Condensed",
    "name": "Fira Sans Extra Condensed"
  },
  {
    "id_option": "Fjalla One",
    "name": "Fjalla One"
  },
  {
    "id_option": "Fjord One",
    "name": "Fjord One"
  },
  {
    "id_option": "Flamenco",
    "name": "Flamenco"
  },
  {
    "id_option": "Flavors",
    "name": "Flavors"
  },
  {
    "id_option": "Fondamento",
    "name": "Fondamento"
  },
  {
    "id_option": "Fontdiner Swanky",
    "name": "Fontdiner Swanky"
  },
  {
    "id_option": "Forum",
    "name": "Forum"
  },
  {
    "id_option": "Francois One",
    "name": "Francois One"
  },
  {
    "id_option": "Frank Ruhl Libre",
    "name": "Frank Ruhl Libre"
  },
  {
    "id_option": "Freckle Face",
    "name": "Freckle Face"
  },
  {
    "id_option": "Fredericka the Great",
    "name": "Fredericka the Great"
  },
  {
    "id_option": "Fredoka One",
    "name": "Fredoka One"
  },
  {
    "id_option": "Freehand",
    "name": "Freehand"
  },
  {
    "id_option": "Fresca",
    "name": "Fresca"
  },
  {
    "id_option": "Frijole",
    "name": "Frijole"
  },
  {
    "id_option": "Fruktur",
    "name": "Fruktur"
  },
  {
    "id_option": "Fugaz One",
    "name": "Fugaz One"
  },
  {
    "id_option": "GFS Didot",
    "name": "GFS Didot"
  },
  {
    "id_option": "GFS Neohellenic",
    "name": "GFS Neohellenic"
  },
  {
    "id_option": "Gabriela",
    "name": "Gabriela"
  },
  {
    "id_option": "Gafata",
    "name": "Gafata"
  },
  {
    "id_option": "Galada",
    "name": "Galada"
  },
  {
    "id_option": "Galdeano",
    "name": "Galdeano"
  },
  {
    "id_option": "Galindo",
    "name": "Galindo"
  },
  {
    "id_option": "Gentium Basic",
    "name": "Gentium Basic"
  },
  {
    "id_option": "Gentium Book Basic",
    "name": "Gentium Book Basic"
  },
  {
    "id_option": "Geo",
    "name": "Geo"
  },
  {
    "id_option": "Geostar",
    "name": "Geostar"
  },
  {
    "id_option": "Geostar Fill",
    "name": "Geostar Fill"
  },
  {
    "id_option": "Germania One",
    "name": "Germania One"
  },
  {
    "id_option": "Gidugu",
    "name": "Gidugu"
  },
  {
    "id_option": "Gilda Display",
    "name": "Gilda Display"
  },
  {
    "id_option": "Give You Glory",
    "name": "Give You Glory"
  },
  {
    "id_option": "Glass Antiqua",
    "name": "Glass Antiqua"
  },
  {
    "id_option": "Glegoo",
    "name": "Glegoo"
  },
  {
    "id_option": "Gloria Hallelujah",
    "name": "Gloria Hallelujah"
  },
  {
    "id_option": "Goblin One",
    "name": "Goblin One"
  },
  {
    "id_option": "Gochi Hand",
    "name": "Gochi Hand"
  },
  {
    "id_option": "Gorditas",
    "name": "Gorditas"
  },
  {
    "id_option": "Goudy Bookletter 1911",
    "name": "Goudy Bookletter 1911"
  },
  {
    "id_option": "Graduate",
    "name": "Graduate"
  },
  {
    "id_option": "Grand Hotel",
    "name": "Grand Hotel"
  },
  {
    "id_option": "Gravitas One",
    "name": "Gravitas One"
  },
  {
    "id_option": "Great Vibes",
    "name": "Great Vibes"
  },
  {
    "id_option": "Griffy",
    "name": "Griffy"
  },
  {
    "id_option": "Gruppo",
    "name": "Gruppo"
  },
  {
    "id_option": "Gudea",
    "name": "Gudea"
  },
  {
    "id_option": "Gurajada",
    "name": "Gurajada"
  },
  {
    "id_option": "Habibi",
    "name": "Habibi"
  },
  {
    "id_option": "Halant",
    "name": "Halant"
  },
  {
    "id_option": "Hammersmith One",
    "name": "Hammersmith One"
  },
  {
    "id_option": "Hanalei",
    "name": "Hanalei"
  },
  {
    "id_option": "Hanalei Fill",
    "name": "Hanalei Fill"
  },
  {
    "id_option": "Handlee",
    "name": "Handlee"
  },
  {
    "id_option": "Hanuman",
    "name": "Hanuman"
  },
  {
    "id_option": "Happy Monkey",
    "name": "Happy Monkey"
  },
  {
    "id_option": "Harmattan",
    "name": "Harmattan"
  },
  {
    "id_option": "Headland One",
    "name": "Headland One"
  },
  {
    "id_option": "Heebo",
    "name": "Heebo"
  },
  {
    "id_option": "Henny Penny",
    "name": "Henny Penny"
  },
  {
    "id_option": "Herr Von Muellerhoff",
    "name": "Herr Von Muellerhoff"
  },
  {
    "id_option": "Hind",
    "name": "Hind"
  },
  {
    "id_option": "Hind Guntur",
    "name": "Hind Guntur"
  },
  {
    "id_option": "Hind Madurai",
    "name": "Hind Madurai"
  },
  {
    "id_option": "Hind Siliguri",
    "name": "Hind Siliguri"
  },
  {
    "id_option": "Hind Vadodara",
    "name": "Hind Vadodara"
  },
  {
    "id_option": "Holtwood One SC",
    "name": "Holtwood One SC"
  },
  {
    "id_option": "Homemade Apple",
    "name": "Homemade Apple"
  },
  {
    "id_option": "Homenaje",
    "name": "Homenaje"
  },
  {
    "id_option": "IM Fell DW Pica",
    "name": "IM Fell DW Pica"
  },
  {
    "id_option": "IM Fell DW Pica SC",
    "name": "IM Fell DW Pica SC"
  },
  {
    "id_option": "IM Fell Double Pica",
    "name": "IM Fell Double Pica"
  },
  {
    "id_option": "IM Fell Double Pica SC",
    "name": "IM Fell Double Pica SC"
  },
  {
    "id_option": "IM Fell English",
    "name": "IM Fell English"
  },
  {
    "id_option": "IM Fell English SC",
    "name": "IM Fell English SC"
  },
  {
    "id_option": "IM Fell French Canon",
    "name": "IM Fell French Canon"
  },
  {
    "id_option": "IM Fell French Canon SC",
    "name": "IM Fell French Canon SC"
  },
  {
    "id_option": "IM Fell Great Primer",
    "name": "IM Fell Great Primer"
  },
  {
    "id_option": "IM Fell Great Primer SC",
    "name": "IM Fell Great Primer SC"
  },
  {
    "id_option": "Iceberg",
    "name": "Iceberg"
  },
  {
    "id_option": "Iceland",
    "name": "Iceland"
  },
  {
    "id_option": "Imprima",
    "name": "Imprima"
  },
  {
    "id_option": "Inconsolata",
    "name": "Inconsolata"
  },
  {
    "id_option": "Inder",
    "name": "Inder"
  },
  {
    "id_option": "Indie Flower",
    "name": "Indie Flower"
  },
  {
    "id_option": "Inika",
    "name": "Inika"
  },
  {
    "id_option": "Inknut Antiqua",
    "name": "Inknut Antiqua"
  },
  {
    "id_option": "Irish Grover",
    "name": "Irish Grover"
  },
  {
    "id_option": "Istok Web",
    "name": "Istok Web"
  },
  {
    "id_option": "Italiana",
    "name": "Italiana"
  },
  {
    "id_option": "Italianno",
    "name": "Italianno"
  },
  {
    "id_option": "Itim",
    "name": "Itim"
  },
  {
    "id_option": "Jacques Francois",
    "name": "Jacques Francois"
  },
  {
    "id_option": "Jacques Francois Shadow",
    "name": "Jacques Francois Shadow"
  },
  {
    "id_option": "Jaldi",
    "name": "Jaldi"
  },
  {
    "id_option": "Jim Nightshade",
    "name": "Jim Nightshade"
  },
  {
    "id_option": "Jockey One",
    "name": "Jockey One"
  },
  {
    "id_option": "Jolly Lodger",
    "name": "Jolly Lodger"
  },
  {
    "id_option": "Jomhuria",
    "name": "Jomhuria"
  },
  {
    "id_option": "Josefin Sans",
    "name": "Josefin Sans"
  },
  {
    "id_option": "Josefin Slab",
    "name": "Josefin Slab"
  },
  {
    "id_option": "Joti One",
    "name": "Joti One"
  },
  {
    "id_option": "Judson",
    "name": "Judson"
  },
  {
    "id_option": "Julee",
    "name": "Julee"
  },
  {
    "id_option": "Julius Sans One",
    "name": "Julius Sans One"
  },
  {
    "id_option": "Junge",
    "name": "Junge"
  },
  {
    "id_option": "Jura",
    "name": "Jura"
  },
  {
    "id_option": "Just Another Hand",
    "name": "Just Another Hand"
  },
  {
    "id_option": "Just Me Again Down Here",
    "name": "Just Me Again Down Here"
  },
  {
    "id_option": "Kadwa",
    "name": "Kadwa"
  },
  {
    "id_option": "Kalam",
    "name": "Kalam"
  },
  {
    "id_option": "Kameron",
    "name": "Kameron"
  },
  {
    "id_option": "Kanit",
    "name": "Kanit"
  },
  {
    "id_option": "Kantumruy",
    "name": "Kantumruy"
  },
  {
    "id_option": "Karla",
    "name": "Karla"
  },
  {
    "id_option": "Karma",
    "name": "Karma"
  },
  {
    "id_option": "Katibeh",
    "name": "Katibeh"
  },
  {
    "id_option": "Kaushan Script",
    "name": "Kaushan Script"
  },
  {
    "id_option": "Kavivanar",
    "name": "Kavivanar"
  },
  {
    "id_option": "Kavoon",
    "name": "Kavoon"
  },
  {
    "id_option": "Kdam Thmor",
    "name": "Kdam Thmor"
  },
  {
    "id_option": "Keania One",
    "name": "Keania One"
  },
  {
    "id_option": "Kelly Slab",
    "name": "Kelly Slab"
  },
  {
    "id_option": "Kenia",
    "name": "Kenia"
  },
  {
    "id_option": "Khand",
    "name": "Khand"
  },
  {
    "id_option": "Khmer",
    "name": "Khmer"
  },
  {
    "id_option": "Khula",
    "name": "Khula"
  },
  {
    "id_option": "Kite One",
    "name": "Kite One"
  },
  {
    "id_option": "Knewave",
    "name": "Knewave"
  },
  {
    "id_option": "Kotta One",
    "name": "Kotta One"
  },
  {
    "id_option": "Koulen",
    "name": "Koulen"
  },
  {
    "id_option": "Kranky",
    "name": "Kranky"
  },
  {
    "id_option": "Kreon",
    "name": "Kreon"
  },
  {
    "id_option": "Kristi",
    "name": "Kristi"
  },
  {
    "id_option": "Krona One",
    "name": "Krona One"
  },
  {
    "id_option": "Kumar One",
    "name": "Kumar One"
  },
  {
    "id_option": "Kumar One Outline",
    "name": "Kumar One Outline"
  },
  {
    "id_option": "Kurale",
    "name": "Kurale"
  },
  {
    "id_option": "La Belle Aurore",
    "name": "La Belle Aurore"
  },
  {
    "id_option": "Laila",
    "name": "Laila"
  },
  {
    "id_option": "Lakki Reddy",
    "name": "Lakki Reddy"
  },
  {
    "id_option": "Lalezar",
    "name": "Lalezar"
  },
  {
    "id_option": "Lancelot",
    "name": "Lancelot"
  },
  {
    "id_option": "Lateef",
    "name": "Lateef"
  },
  {
    "id_option": "Lato",
    "name": "Lato"
  },
  {
    "id_option": "League Script",
    "name": "League Script"
  },
  {
    "id_option": "Leckerli One",
    "name": "Leckerli One"
  },
  {
    "id_option": "Ledger",
    "name": "Ledger"
  },
  {
    "id_option": "Lekton",
    "name": "Lekton"
  },
  {
    "id_option": "Lemon",
    "name": "Lemon"
  },
  {
    "id_option": "Lemonada",
    "name": "Lemonada"
  },
  {
    "id_option": "Libre Baskerville",
    "name": "Libre Baskerville"
  },
  {
    "id_option": "Libre Franklin",
    "name": "Libre Franklin"
  },
  {
    "id_option": "Life Savers",
    "name": "Life Savers"
  },
  {
    "id_option": "Lilita One",
    "name": "Lilita One"
  },
  {
    "id_option": "Lily Script One",
    "name": "Lily Script One"
  },
  {
    "id_option": "Limelight",
    "name": "Limelight"
  },
  {
    "id_option": "Linden Hill",
    "name": "Linden Hill"
  },
  {
    "id_option": "Lobster",
    "name": "Lobster"
  },
  {
    "id_option": "Lobster Two",
    "name": "Lobster Two"
  },
  {
    "id_option": "Londrina Outline",
    "name": "Londrina Outline"
  },
  {
    "id_option": "Londrina Shadow",
    "name": "Londrina Shadow"
  },
  {
    "id_option": "Londrina Sketch",
    "name": "Londrina Sketch"
  },
  {
    "id_option": "Londrina Solid",
    "name": "Londrina Solid"
  },
  {
    "id_option": "Lora",
    "name": "Lora"
  },
  {
    "id_option": "Love Ya Like A Sister",
    "name": "Love Ya Like A Sister"
  },
  {
    "id_option": "Loved by the King",
    "name": "Loved by the King"
  },
  {
    "id_option": "Lovers Quarrel",
    "name": "Lovers Quarrel"
  },
  {
    "id_option": "Luckiest Guy",
    "name": "Luckiest Guy"
  },
  {
    "id_option": "Lusitana",
    "name": "Lusitana"
  },
  {
    "id_option": "Lustria",
    "name": "Lustria"
  },
  {
    "id_option": "Macondo",
    "name": "Macondo"
  },
  {
    "id_option": "Macondo Swash Caps",
    "name": "Macondo Swash Caps"
  },
  {
    "id_option": "Mada",
    "name": "Mada"
  },
  {
    "id_option": "Magra",
    "name": "Magra"
  },
  {
    "id_option": "Maiden Orange",
    "name": "Maiden Orange"
  },
  {
    "id_option": "Maitree",
    "name": "Maitree"
  },
  {
    "id_option": "Mako",
    "name": "Mako"
  },
  {
    "id_option": "Mallanna",
    "name": "Mallanna"
  },
  {
    "id_option": "Mandali",
    "name": "Mandali"
  },
  {
    "id_option": "Marcellus",
    "name": "Marcellus"
  },
  {
    "id_option": "Marcellus SC",
    "name": "Marcellus SC"
  },
  {
    "id_option": "Marck Script",
    "name": "Marck Script"
  },
  {
    "id_option": "Margarine",
    "name": "Margarine"
  },
  {
    "id_option": "Marko One",
    "name": "Marko One"
  },
  {
    "id_option": "Marmelad",
    "name": "Marmelad"
  },
  {
    "id_option": "Martel",
    "name": "Martel"
  },
  {
    "id_option": "Martel Sans",
    "name": "Martel Sans"
  },
  {
    "id_option": "Marvel",
    "name": "Marvel"
  },
  {
    "id_option": "Mate",
    "name": "Mate"
  },
  {
    "id_option": "Mate SC",
    "name": "Mate SC"
  },
  {
    "id_option": "Maven Pro",
    "name": "Maven Pro"
  },
  {
    "id_option": "McLaren",
    "name": "McLaren"
  },
  {
    "id_option": "Meddon",
    "name": "Meddon"
  },
  {
    "id_option": "MedievalSharp",
    "name": "MedievalSharp"
  },
  {
    "id_option": "Medula One",
    "name": "Medula One"
  },
  {
    "id_option": "Meera Inimai",
    "name": "Meera Inimai"
  },
  {
    "id_option": "Megrim",
    "name": "Megrim"
  },
  {
    "id_option": "Meie Script",
    "name": "Meie Script"
  },
  {
    "id_option": "Merienda",
    "name": "Merienda"
  },
  {
    "id_option": "Merienda One",
    "name": "Merienda One"
  },
  {
    "id_option": "Merriweather",
    "name": "Merriweather"
  },
  {
    "id_option": "Merriweather Sans",
    "name": "Merriweather Sans"
  },
  {
    "id_option": "Metal",
    "name": "Metal"
  },
  {
    "id_option": "Metal Mania",
    "name": "Metal Mania"
  },
  {
    "id_option": "Metamorphous",
    "name": "Metamorphous"
  },
  {
    "id_option": "Metrophobic",
    "name": "Metrophobic"
  },
  {
    "id_option": "Michroma",
    "name": "Michroma"
  },
  {
    "id_option": "Milonga",
    "name": "Milonga"
  },
  {
    "id_option": "Miltonian",
    "name": "Miltonian"
  },
  {
    "id_option": "Miltonian Tattoo",
    "name": "Miltonian Tattoo"
  },
  {
    "id_option": "Miniver",
    "name": "Miniver"
  },
  {
    "id_option": "Miriam Libre",
    "name": "Miriam Libre"
  },
  {
    "id_option": "Mirza",
    "name": "Mirza"
  },
  {
    "id_option": "Miss Fajardose",
    "name": "Miss Fajardose"
  },
  {
    "id_option": "Mitr",
    "name": "Mitr"
  },
  {
    "id_option": "Modak",
    "name": "Modak"
  },
  {
    "id_option": "Modern Antiqua",
    "name": "Modern Antiqua"
  },
  {
    "id_option": "Mogra",
    "name": "Mogra"
  },
  {
    "id_option": "Molengo",
    "name": "Molengo"
  },
  {
    "id_option": "Molle",
    "name": "Molle"
  },
  {
    "id_option": "Monda",
    "name": "Monda"
  },
  {
    "id_option": "Monofett",
    "name": "Monofett"
  },
  {
    "id_option": "Monoton",
    "name": "Monoton"
  },
  {
    "id_option": "Monsieur La Doulaise",
    "name": "Monsieur La Doulaise"
  },
  {
    "id_option": "Montaga",
    "name": "Montaga"
  },
  {
    "id_option": "Montez",
    "name": "Montez"
  },
  {
    "id_option": "Montserrat",
    "name": "Montserrat"
  },
  {
    "id_option": "Montserrat Alternates",
    "name": "Montserrat Alternates"
  },
  {
    "id_option": "Montserrat Subrayada",
    "name": "Montserrat Subrayada"
  },
  {
    "id_option": "Moul",
    "name": "Moul"
  },
  {
    "id_option": "Moulpali",
    "name": "Moulpali"
  },
  {
    "id_option": "Mountains of Christmas",
    "name": "Mountains of Christmas"
  },
  {
    "id_option": "Mouse Memoirs",
    "name": "Mouse Memoirs"
  },
  {
    "id_option": "Mr Bedfort",
    "name": "Mr Bedfort"
  },
  {
    "id_option": "Mr Dafoe",
    "name": "Mr Dafoe"
  },
  {
    "id_option": "Mr De Haviland",
    "name": "Mr De Haviland"
  },
  {
    "id_option": "Mrs Saint Delafield",
    "name": "Mrs Saint Delafield"
  },
  {
    "id_option": "Mrs Sheppards",
    "name": "Mrs Sheppards"
  },
  {
    "id_option": "Mukta Vaani",
    "name": "Mukta Vaani"
  },
  {
    "id_option": "Muli",
    "name": "Muli"
  },
  {
    "id_option": "Mystery Quest",
    "name": "Mystery Quest"
  },
  {
    "id_option": "NTR",
    "name": "NTR"
  },
  {
    "id_option": "Neucha",
    "name": "Neucha"
  },
  {
    "id_option": "Neuton",
    "name": "Neuton"
  },
  {
    "id_option": "New Rocker",
    "name": "New Rocker"
  },
  {
    "id_option": "News Cycle",
    "name": "News Cycle"
  },
  {
    "id_option": "Niconne",
    "name": "Niconne"
  },
  {
    "id_option": "Nixie One",
    "name": "Nixie One"
  },
  {
    "id_option": "Nobile",
    "name": "Nobile"
  },
  {
    "id_option": "Nokora",
    "name": "Nokora"
  },
  {
    "id_option": "Norican",
    "name": "Norican"
  },
  {
    "id_option": "Nosifer",
    "name": "Nosifer"
  },
  {
    "id_option": "Nothing You Could Do",
    "name": "Nothing You Could Do"
  },
  {
    "id_option": "Noticia Text",
    "name": "Noticia Text"
  },
  {
    "id_option": "Noto Sans",
    "name": "Noto Sans"
  },
  {
    "id_option": "Noto Serif",
    "name": "Noto Serif"
  },
  {
    "id_option": "Nova Cut",
    "name": "Nova Cut"
  },
  {
    "id_option": "Nova Flat",
    "name": "Nova Flat"
  },
  {
    "id_option": "Nova Mono",
    "name": "Nova Mono"
  },
  {
    "id_option": "Nova Oval",
    "name": "Nova Oval"
  },
  {
    "id_option": "Nova Round",
    "name": "Nova Round"
  },
  {
    "id_option": "Nova Script",
    "name": "Nova Script"
  },
  {
    "id_option": "Nova Slim",
    "name": "Nova Slim"
  },
  {
    "id_option": "Nova Square",
    "name": "Nova Square"
  },
  {
    "id_option": "Numans",
    "name": "Numans"
  },
  {
    "id_option": "Nunito",
    "name": "Nunito"
  },
  {
    "id_option": "Nunito Sans",
    "name": "Nunito Sans"
  },
  {
    "id_option": "Odor Mean Chey",
    "name": "Odor Mean Chey"
  },
  {
    "id_option": "Offside",
    "name": "Offside"
  },
  {
    "id_option": "Old Standard TT",
    "name": "Old Standard TT"
  },
  {
    "id_option": "Oldenburg",
    "name": "Oldenburg"
  },
  {
    "id_option": "Oleo Script",
    "name": "Oleo Script"
  },
  {
    "id_option": "Oleo Script Swash Caps",
    "name": "Oleo Script Swash Caps"
  },
  {
    "id_option": "Open Sans",
    "name": "Open Sans"
  },
  {
    "id_option": "Open Sans Condensed",
    "name": "Open Sans Condensed"
  },
  {
    "id_option": "Oranienbaum",
    "name": "Oranienbaum"
  },
  {
    "id_option": "Orbitron",
    "name": "Orbitron"
  },
  {
    "id_option": "Oregano",
    "name": "Oregano"
  },
  {
    "id_option": "Orienta",
    "name": "Orienta"
  },
  {
    "id_option": "Original Surfer",
    "name": "Original Surfer"
  },
  {
    "id_option": "Oswald",
    "name": "Oswald"
  },
  {
    "id_option": "Over the Rainbow",
    "name": "Over the Rainbow"
  },
  {
    "id_option": "Overlock",
    "name": "Overlock"
  },
  {
    "id_option": "Overlock SC",
    "name": "Overlock SC"
  },
  {
    "id_option": "Overpass",
    "name": "Overpass"
  },
  {
    "id_option": "Overpass Mono",
    "name": "Overpass Mono"
  },
  {
    "id_option": "Ovo",
    "name": "Ovo"
  },
  {
    "id_option": "Oxygen",
    "name": "Oxygen"
  },
  {
    "id_option": "Oxygen Mono",
    "name": "Oxygen Mono"
  },
  {
    "id_option": "PT Mono",
    "name": "PT Mono"
  },
  {
    "id_option": "PT Sans",
    "name": "PT Sans"
  },
  {
    "id_option": "PT Sans Caption",
    "name": "PT Sans Caption"
  },
  {
    "id_option": "PT Sans Narrow",
    "name": "PT Sans Narrow"
  },
  {
    "id_option": "PT Serif",
    "name": "PT Serif"
  },
  {
    "id_option": "PT Serif Caption",
    "name": "PT Serif Caption"
  },
  {
    "id_option": "Pacifico",
    "name": "Pacifico"
  },
  {
    "id_option": "Padauk",
    "name": "Padauk"
  },
  {
    "id_option": "Palanquin",
    "name": "Palanquin"
  },
  {
    "id_option": "Palanquin Dark",
    "name": "Palanquin Dark"
  },
  {
    "id_option": "Pangolin",
    "name": "Pangolin"
  },
  {
    "id_option": "Paprika",
    "name": "Paprika"
  },
  {
    "id_option": "Parisienne",
    "name": "Parisienne"
  },
  {
    "id_option": "Passero One",
    "name": "Passero One"
  },
  {
    "id_option": "Passion One",
    "name": "Passion One"
  },
  {
    "id_option": "Pathway Gothic One",
    "name": "Pathway Gothic One"
  },
  {
    "id_option": "Patrick Hand",
    "name": "Patrick Hand"
  },
  {
    "id_option": "Patrick Hand SC",
    "name": "Patrick Hand SC"
  },
  {
    "id_option": "Pattaya",
    "name": "Pattaya"
  },
  {
    "id_option": "Patua One",
    "name": "Patua One"
  },
  {
    "id_option": "Pavanam",
    "name": "Pavanam"
  },
  {
    "id_option": "Paytone One",
    "name": "Paytone One"
  },
  {
    "id_option": "Peddana",
    "name": "Peddana"
  },
  {
    "id_option": "Peralta",
    "name": "Peralta"
  },
  {
    "id_option": "Permanent Marker",
    "name": "Permanent Marker"
  },
  {
    "id_option": "Petit Formal Script",
    "name": "Petit Formal Script"
  },
  {
    "id_option": "Petrona",
    "name": "Petrona"
  },
  {
    "id_option": "Philosopher",
    "name": "Philosopher"
  },
  {
    "id_option": "Piedra",
    "name": "Piedra"
  },
  {
    "id_option": "Pinyon Script",
    "name": "Pinyon Script"
  },
  {
    "id_option": "Pirata One",
    "name": "Pirata One"
  },
  {
    "id_option": "Plaster",
    "name": "Plaster"
  },
  {
    "id_option": "Play",
    "name": "Play"
  },
  {
    "id_option": "Playball",
    "name": "Playball"
  },
  {
    "id_option": "Playfair Display",
    "name": "Playfair Display"
  },
  {
    "id_option": "Playfair Display SC",
    "name": "Playfair Display SC"
  },
  {
    "id_option": "Podkova",
    "name": "Podkova"
  },
  {
    "id_option": "Poiret One",
    "name": "Poiret One"
  },
  {
    "id_option": "Poller One",
    "name": "Poller One"
  },
  {
    "id_option": "Poly",
    "name": "Poly"
  },
  {
    "id_option": "Pompiere",
    "name": "Pompiere"
  },
  {
    "id_option": "Pontano Sans",
    "name": "Pontano Sans"
  },
  {
    "id_option": "Poppins",
    "name": "Poppins"
  },
  {
    "id_option": "Port Lligat Sans",
    "name": "Port Lligat Sans"
  },
  {
    "id_option": "Port Lligat Slab",
    "name": "Port Lligat Slab"
  },
  {
    "id_option": "Pragati Narrow",
    "name": "Pragati Narrow"
  },
  {
    "id_option": "Prata",
    "name": "Prata"
  },
  {
    "id_option": "Preahvihear",
    "name": "Preahvihear"
  },
  {
    "id_option": "Press Start 2P",
    "name": "Press Start 2P"
  },
  {
    "id_option": "Pridi",
    "name": "Pridi"
  },
  {
    "id_option": "Princess Sofia",
    "name": "Princess Sofia"
  },
  {
    "id_option": "Prociono",
    "name": "Prociono"
  },
  {
    "id_option": "Prompt",
    "name": "Prompt"
  },
  {
    "id_option": "Prosto One",
    "name": "Prosto One"
  },
  {
    "id_option": "Proza Libre",
    "name": "Proza Libre"
  },
  {
    "id_option": "Puritan",
    "name": "Puritan"
  },
  {
    "id_option": "Purple Purse",
    "name": "Purple Purse"
  },
  {
    "id_option": "Quando",
    "name": "Quando"
  },
  {
    "id_option": "Quantico",
    "name": "Quantico"
  },
  {
    "id_option": "Quattrocento",
    "name": "Quattrocento"
  },
  {
    "id_option": "Quattrocento Sans",
    "name": "Quattrocento Sans"
  },
  {
    "id_option": "Questrial",
    "name": "Questrial"
  },
  {
    "id_option": "Quicksand",
    "name": "Quicksand"
  },
  {
    "id_option": "Quintessential",
    "name": "Quintessential"
  },
  {
    "id_option": "Qwigley",
    "name": "Qwigley"
  },
  {
    "id_option": "Racing Sans One",
    "name": "Racing Sans One"
  },
  {
    "id_option": "Radley",
    "name": "Radley"
  },
  {
    "id_option": "Rajdhani",
    "name": "Rajdhani"
  },
  {
    "id_option": "Rakkas",
    "name": "Rakkas"
  },
  {
    "id_option": "Raleway",
    "name": "Raleway"
  },
  {
    "id_option": "Raleway Dots",
    "name": "Raleway Dots"
  },
  {
    "id_option": "Ramabhadra",
    "name": "Ramabhadra"
  },
  {
    "id_option": "Ramaraja",
    "name": "Ramaraja"
  },
  {
    "id_option": "Rambla",
    "name": "Rambla"
  },
  {
    "id_option": "Rammetto One",
    "name": "Rammetto One"
  },
  {
    "id_option": "Ranchers",
    "name": "Ranchers"
  },
  {
    "id_option": "Rancho",
    "name": "Rancho"
  },
  {
    "id_option": "Ranga",
    "name": "Ranga"
  },
  {
    "id_option": "Rasa",
    "name": "Rasa"
  },
  {
    "id_option": "Rationale",
    "name": "Rationale"
  },
  {
    "id_option": "Ravi Prakash",
    "name": "Ravi Prakash"
  },
  {
    "id_option": "Redressed",
    "name": "Redressed"
  },
  {
    "id_option": "Reem Kufi",
    "name": "Reem Kufi"
  },
  {
    "id_option": "Reenie Beanie",
    "name": "Reenie Beanie"
  },
  {
    "id_option": "Revalia",
    "name": "Revalia"
  },
  {
    "id_option": "Rhodium Libre",
    "name": "Rhodium Libre"
  },
  {
    "id_option": "Ribeye",
    "name": "Ribeye"
  },
  {
    "id_option": "Ribeye Marrow",
    "name": "Ribeye Marrow"
  },
  {
    "id_option": "Righteous",
    "name": "Righteous"
  },
  {
    "id_option": "Risque",
    "name": "Risque"
  },
  {
    "id_option": "Roboto",
    "name": "Roboto"
  },
  {
    "id_option": "Roboto Condensed",
    "name": "Roboto Condensed"
  },
  {
    "id_option": "Roboto Mono",
    "name": "Roboto Mono"
  },
  {
    "id_option": "Roboto Slab",
    "name": "Roboto Slab"
  },
  {
    "id_option": "Rochester",
    "name": "Rochester"
  },
  {
    "id_option": "Rock Salt",
    "name": "Rock Salt"
  },
  {
    "id_option": "Rokkitt",
    "name": "Rokkitt"
  },
  {
    "id_option": "Romanesco",
    "name": "Romanesco"
  },
  {
    "id_option": "Ropa Sans",
    "name": "Ropa Sans"
  },
  {
    "id_option": "Rosario",
    "name": "Rosario"
  },
  {
    "id_option": "Rosarivo",
    "name": "Rosarivo"
  },
  {
    "id_option": "Rouge Script",
    "name": "Rouge Script"
  },
  {
    "id_option": "Rozha One",
    "name": "Rozha One"
  },
  {
    "id_option": "Rubik",
    "name": "Rubik"
  },
  {
    "id_option": "Rubik Mono One",
    "name": "Rubik Mono One"
  },
  {
    "id_option": "Ruda",
    "name": "Ruda"
  },
  {
    "id_option": "Rufina",
    "name": "Rufina"
  },
  {
    "id_option": "Ruge Boogie",
    "name": "Ruge Boogie"
  },
  {
    "id_option": "Ruluko",
    "name": "Ruluko"
  },
  {
    "id_option": "Rum Raisin",
    "name": "Rum Raisin"
  },
  {
    "id_option": "Ruslan Display",
    "name": "Ruslan Display"
  },
  {
    "id_option": "Russo One",
    "name": "Russo One"
  },
  {
    "id_option": "Ruthie",
    "name": "Ruthie"
  },
  {
    "id_option": "Rye",
    "name": "Rye"
  },
  {
    "id_option": "Sacramento",
    "name": "Sacramento"
  },
  {
    "id_option": "Sahitya",
    "name": "Sahitya"
  },
  {
    "id_option": "Sail",
    "name": "Sail"
  },
  {
    "id_option": "Salsa",
    "name": "Salsa"
  },
  {
    "id_option": "Sanchez",
    "name": "Sanchez"
  },
  {
    "id_option": "Sancreek",
    "name": "Sancreek"
  },
  {
    "id_option": "Sansita",
    "name": "Sansita"
  },
  {
    "id_option": "Sarala",
    "name": "Sarala"
  },
  {
    "id_option": "Sarina",
    "name": "Sarina"
  },
  {
    "id_option": "Sarpanch",
    "name": "Sarpanch"
  },
  {
    "id_option": "Satisfy",
    "name": "Satisfy"
  },
  {
    "id_option": "Scada",
    "name": "Scada"
  },
  {
    "id_option": "Scheherazade",
    "name": "Scheherazade"
  },
  {
    "id_option": "Schoolbell",
    "name": "Schoolbell"
  },
  {
    "id_option": "Scope One",
    "name": "Scope One"
  },
  {
    "id_option": "Seaweed Script",
    "name": "Seaweed Script"
  },
  {
    "id_option": "Secular One",
    "name": "Secular One"
  },
  {
    "id_option": "Sevillana",
    "name": "Sevillana"
  },
  {
    "id_option": "Seymour One",
    "name": "Seymour One"
  },
  {
    "id_option": "Shadows Into Light",
    "name": "Shadows Into Light"
  },
  {
    "id_option": "Shadows Into Light Two",
    "name": "Shadows Into Light Two"
  },
  {
    "id_option": "Shanti",
    "name": "Shanti"
  },
  {
    "id_option": "Share",
    "name": "Share"
  },
  {
    "id_option": "Share Tech",
    "name": "Share Tech"
  },
  {
    "id_option": "Share Tech Mono",
    "name": "Share Tech Mono"
  },
  {
    "id_option": "Shojumaru",
    "name": "Shojumaru"
  },
  {
    "id_option": "Short Stack",
    "name": "Short Stack"
  },
  {
    "id_option": "Shrikhand",
    "name": "Shrikhand"
  },
  {
    "id_option": "Siemreap",
    "name": "Siemreap"
  },
  {
    "id_option": "Sigmar One",
    "name": "Sigmar One"
  },
  {
    "id_option": "Signika",
    "name": "Signika"
  },
  {
    "id_option": "Signika Negative",
    "name": "Signika Negative"
  },
  {
    "id_option": "Simonetta",
    "name": "Simonetta"
  },
  {
    "id_option": "Sintony",
    "name": "Sintony"
  },
  {
    "id_option": "Sirin Stencil",
    "name": "Sirin Stencil"
  },
  {
    "id_option": "Six Caps",
    "name": "Six Caps"
  },
  {
    "id_option": "Skranji",
    "name": "Skranji"
  },
  {
    "id_option": "Slabo 13px",
    "name": "Slabo 13px"
  },
  {
    "id_option": "Slabo 27px",
    "name": "Slabo 27px"
  },
  {
    "id_option": "Slackey",
    "name": "Slackey"
  },
  {
    "id_option": "Smokum",
    "name": "Smokum"
  },
  {
    "id_option": "Smythe",
    "name": "Smythe"
  },
  {
    "id_option": "Sniglet",
    "name": "Sniglet"
  },
  {
    "id_option": "Snippet",
    "name": "Snippet"
  },
  {
    "id_option": "Snowburst One",
    "name": "Snowburst One"
  },
  {
    "id_option": "Sofadi One",
    "name": "Sofadi One"
  },
  {
    "id_option": "Sofia",
    "name": "Sofia"
  },
  {
    "id_option": "Sonsie One",
    "name": "Sonsie One"
  },
  {
    "id_option": "Sorts Mill Goudy",
    "name": "Sorts Mill Goudy"
  },
  {
    "id_option": "Source Code Pro",
    "name": "Source Code Pro"
  },
  {
    "id_option": "Source Sans Pro",
    "name": "Source Sans Pro"
  },
  {
    "id_option": "Source Serif Pro",
    "name": "Source Serif Pro"
  },
  {
    "id_option": "Space Mono",
    "name": "Space Mono"
  },
  {
    "id_option": "Special Elite",
    "name": "Special Elite"
  },
  {
    "id_option": "Spicy Rice",
    "name": "Spicy Rice"
  },
  {
    "id_option": "Spinnaker",
    "name": "Spinnaker"
  },
  {
    "id_option": "Spirax",
    "name": "Spirax"
  },
  {
    "id_option": "Squada One",
    "name": "Squada One"
  },
  {
    "id_option": "Sree Krushnadevaraya",
    "name": "Sree Krushnadevaraya"
  },
  {
    "id_option": "Sriracha",
    "name": "Sriracha"
  },
  {
    "id_option": "Stalemate",
    "name": "Stalemate"
  },
  {
    "id_option": "Stalinist One",
    "name": "Stalinist One"
  },
  {
    "id_option": "Stardos Stencil",
    "name": "Stardos Stencil"
  },
  {
    "id_option": "Stint Ultra Condensed",
    "name": "Stint Ultra Condensed"
  },
  {
    "id_option": "Stint Ultra Expanded",
    "name": "Stint Ultra Expanded"
  },
  {
    "id_option": "Stoke",
    "name": "Stoke"
  },
  {
    "id_option": "Strait",
    "name": "Strait"
  },
  {
    "id_option": "Sue Ellen Francisco",
    "name": "Sue Ellen Francisco"
  },
  {
    "id_option": "Suez One",
    "name": "Suez One"
  },
  {
    "id_option": "Sumana",
    "name": "Sumana"
  },
  {
    "id_option": "Sunshiney",
    "name": "Sunshiney"
  },
  {
    "id_option": "Supermercado One",
    "name": "Supermercado One"
  },
  {
    "id_option": "Sura",
    "name": "Sura"
  },
  {
    "id_option": "Suranna",
    "name": "Suranna"
  },
  {
    "id_option": "Suravaram",
    "name": "Suravaram"
  },
  {
    "id_option": "Suwannaphum",
    "name": "Suwannaphum"
  },
  {
    "id_option": "Swanky and Moo Moo",
    "name": "Swanky and Moo Moo"
  },
  {
    "id_option": "Syncopate",
    "name": "Syncopate"
  },
  {
    "id_option": "Tangerine",
    "name": "Tangerine"
  },
  {
    "id_option": "Taprom",
    "name": "Taprom"
  },
  {
    "id_option": "Tauri",
    "name": "Tauri"
  },
  {
    "id_option": "Taviraj",
    "name": "Taviraj"
  },
  {
    "id_option": "Teko",
    "name": "Teko"
  },
  {
    "id_option": "Telex",
    "name": "Telex"
  },
  {
    "id_option": "Tenali Ramakrishna",
    "name": "Tenali Ramakrishna"
  },
  {
    "id_option": "Tenor Sans",
    "name": "Tenor Sans"
  },
  {
    "id_option": "Text Me One",
    "name": "Text Me One"
  },
  {
    "id_option": "The Girl Next Door",
    "name": "The Girl Next Door"
  },
  {
    "id_option": "Tienne",
    "name": "Tienne"
  },
  {
    "id_option": "Tillana",
    "name": "Tillana"
  },
  {
    "id_option": "Timmana",
    "name": "Timmana"
  },
  {
    "id_option": "Times new roman",
    "name": "Times new roman"
  },
  {
    "id_option": "Tinos",
    "name": "Tinos"
  },
  {
    "id_option": "Titan One",
    "name": "Titan One"
  },
  {
    "id_option": "Titillium Web",
    "name": "Titillium Web"
  },
  {
    "id_option": "Trade Winds",
    "name": "Trade Winds"
  },
  {
    "id_option": "Trirong",
    "name": "Trirong"
  },
  {
    "id_option": "Trocchi",
    "name": "Trocchi"
  },
  {
    "id_option": "Trochut",
    "name": "Trochut"
  },
  {
    "id_option": "Trykker",
    "name": "Trykker"
  },
  {
    "id_option": "Tulpen One",
    "name": "Tulpen One"
  },
  {
    "id_option": "Ubuntu",
    "name": "Ubuntu"
  },
  {
    "id_option": "Ubuntu Condensed",
    "name": "Ubuntu Condensed"
  },
  {
    "id_option": "Ubuntu Mono",
    "name": "Ubuntu Mono"
  },
  {
    "id_option": "Ultra",
    "name": "Ultra"
  },
  {
    "id_option": "Uncial Antiqua",
    "name": "Uncial Antiqua"
  },
  {
    "id_option": "Underdog",
    "name": "Underdog"
  },
  {
    "id_option": "Unica One",
    "name": "Unica One"
  },
  {
    "id_option": "UnifrakturCook",
    "name": "UnifrakturCook"
  },
  {
    "id_option": "UnifrakturMaguntia",
    "name": "UnifrakturMaguntia"
  },
  {
    "id_option": "Unkempt",
    "name": "Unkempt"
  },
  {
    "id_option": "Unlock",
    "name": "Unlock"
  },
  {
    "id_option": "Unna",
    "name": "Unna"
  },
  {
    "id_option": "VT323",
    "name": "VT323"
  },
  {
    "id_option": "Vampiro One",
    "name": "Vampiro One"
  },
  {
    "id_option": "Varela",
    "name": "Varela"
  },
  {
    "id_option": "Varela Round",
    "name": "Varela Round"
  },
  {
    "id_option": "Vast Shadow",
    "name": "Vast Shadow"
  },
  {
    "id_option": "Vesper Libre",
    "name": "Vesper Libre"
  },
  {
    "id_option": "Vibur",
    "name": "Vibur"
  },
  {
    "id_option": "Vidaloka",
    "name": "Vidaloka"
  },
  {
    "id_option": "Viga",
    "name": "Viga"
  },
  {
    "id_option": "Voces",
    "name": "Voces"
  },
  {
    "id_option": "Volkhov",
    "name": "Volkhov"
  },
  {
    "id_option": "Vollkorn",
    "name": "Vollkorn"
  },
  {
    "id_option": "Voltaire",
    "name": "Voltaire"
  },
  {
    "id_option": "Waiting for the Sunrise",
    "name": "Waiting for the Sunrise"
  },
  {
    "id_option": "Wallpoet",
    "name": "Wallpoet"
  },
  {
    "id_option": "Walter Turncoat",
    "name": "Walter Turncoat"
  },
  {
    "id_option": "Warnes",
    "name": "Warnes"
  },
  {
    "id_option": "Wellfleet",
    "name": "Wellfleet"
  },
  {
    "id_option": "Wendy One",
    "name": "Wendy One"
  },
  {
    "id_option": "Wire One",
    "name": "Wire One"
  },
  {
    "id_option": "Work Sans",
    "name": "Work Sans"
  },
  {
    "id_option": "Yanone Kaffeesatz",
    "name": "Yanone Kaffeesatz"
  },
  {
    "id_option": "Yantramanav",
    "name": "Yantramanav"
  },
  {
    "id_option": "Yatra One",
    "name": "Yatra One"
  },
  {
    "id_option": "Yellowtail",
    "name": "Yellowtail"
  },
  {
    "id_option": "Yeseva One",
    "name": "Yeseva One"
  },
  {
    "id_option": "Yesteryear",
    "name": "Yesteryear"
  },
  {
    "id_option": "Yrsa",
    "name": "Yrsa"
  },
  {
    "id_option": "Zeyada",
    "name": "Zeyada"
  }
]